"Name","Team","G","playerid"
"Tommy Hunter","NYM","4","1157"
"Daniel Bard","COL","67","7115"
"Connor Overton","- - -","9","18376"
"Jose Quintana","- - -","29","11423"
"Josh Lowe","TBR","2","19953"
"Sean Reid-Foley","NYM","12","17034"
"Austin Davis","- - -","29","17117"
"Jake Brentz","KCR","72","17783"
"Trevor Richards","- - -","53","19309"
"Mario Feliciano","MIL","1","20263"
"Justin Bruihl","LAD","21","23779"
"Daniel Camarena","SDP","6","14467"
"Jakson Reetz","WSN","2","17837"
"Garrett Cleavinger","LAD","22","17897"
"Ali Sanchez","STL","2","18551"
"Seth Beer","ARI","5","20493"
"Humberto Castellanos","ARI","14","21183"
"Austin Voth","WSN","49","15047"
"Sean Manaea","OAK","32","15873"
"Trayce Thompson","CHC","15","9952"
"Tyler Nevin","BAL","6","17893"
"Mike Trout","LAA","36","10155"
"Justus Sheffield","SEA","21","17285"
"Jordan Yamamoto","NYM","2","17585"
"Triston McKenzie","CLE","25","18000"
"Cal Quantrill","CLE","40","19312"
"Garrett Whitlock","BOS","46","20191"
"Bailey Ober","MIN","20","21224"
"Bryce Harper","PHI","141","11579"
"Chris Owings","COL","21","10030"
"Nick Fortes","MIA","14","21538"
"Estevan Florial","NYY","11","19151"
"Juan Soto","WSN","151","20123"
"Vladimir Guerrero Jr.","TOR","161","19611"
"Byron Buxton","MIN","61","14161"
"Oneil Cruz","PIT","2","21711"
"Luis Gonzalez","CHW","6","20332"
"Jake Faria","ARI","24","13699"
"Justin Dunn","SEA","11","19268"
"Kyle Wright","ATL","2","19665"
"Ronald Acuna Jr.","ATL","82","18401"
"Taylor Davis","PIT","2","12782"
"Brandon Belt","SFG","97","10264"
"Jesse Winker","CIN","110","13590"
"Frank Schwindel","- - -","64","15351"
"Fernando Tatis Jr.","SDP","130","19709"
"Yasmani Grandal","CHW","93","11368"
"Jose Siri","HOU","21","17452"
"Luis Robert","CHW","68","20043"
"Shohei Ohtani","LAA","158","19755"
"Josh Tomlin","ATL","36","9388"
"Andrew Heaney","- - -","30","15423"
"Matthew Boyd","DET","15","15440"
"Ivan Castillo","SDP","3","15971"
"Dakota Hudson","STL","2","19206"
"Kyle Schwarber","- - -","113","16478"
"Joey Votto","CIN","129","4314"
"Nick Castellanos","CIN","138","11737"
"Corey Seager","LAD","95","13624"
"Aaron Judge","NYY","148","15640"
"Andy Burns","LAD","9","12779"
"Trea Turner","- - -","148","16252"
"Bryan Reynolds","PIT","159","19326"
"Ketel Marte","ARI","90","13613"
"Darin Ruf","SFG","117","9929"
"John Hicks","TEX","10","12547"
"Tyler O'Neill","STL","138","15711"
"C.J. Cron","COL","142","12546"
"Kyle Tucker","HOU","140","18345"
"George Springer","TOR","78","12856"
"Austin Riley","ATL","160","18360"
"Freddie Freeman","ATL","159","5361"
"Buster Posey","SFG","113","9166"
"Max Muncy","LAD","144","13301"
"Matt Olson","OAK","156","14344"
"Brandon Crawford","SFG","138","5343"
"Connor Wong","BOS","6","19896"
"Dylan Cease","CHW","32","18525"
"Greg Allen","NYY","15","16623"
"A.J. Pollock","LAD","117","9256"
"Paul Goldschmidt","STL","158","9218"
"Patrick Kivlehan","SDP","5","13910"
"Rafael Devers","BOS","156","17350"
"Jose Ramirez","CLE","152","13510"
"Cedric Mullins II","BAL","159","17929"
"Mitch Garver","MIN","68","15161"
"Giancarlo Stanton","NYY","139","4949"
"Yordan Alvarez","HOU","144","19556"
"Brandon Nimmo","NYM","92","12927"
"Teoscar Hernandez","TOR","143","13066"
"Xander Bogaerts","BOS","144","12161"
"Marcus Semien","TOR","162","12533"
"Garrett Cooper","MIA","71","15279"
"Connor Joe","COL","63","16572"
"Mookie Betts","LAD","122","13611"
"Rhys Hoskins","PHI","107","16472"
"Starling Marte","- - -","120","9241"
"J.D. Martinez","BOS","148","6184"
"Will Smith","LAD","130","19197"
"Carlos Correa","HOU","148","14162"
"Brandon Lowe","TBR","149","18882"
"Yuli Gurriel","HOU","143","19198"
"Jonathan India","CIN","150","21523"
"Pete Alonso","NYM","152","19251"
"Austin Allen","OAK","4","18083"
"Salvador Perez","KCR","161","7304"
"Mike Zunino","TBR","109","13265"
"Justin Turner","LAD","151","5235"
"Luke Maile","MIL","15","13355"
"J.D. Davis","NYM","73","16219"
"Jared Walsh","LAA","144","18607"
"Jose Altuve","HOU","146","5417"
"Kris Bryant","- - -","144","15429"
"Matt Vierling","PHI","34","21558"
"Rafael Ortega","CHC","103","10323"
"Adam Engel","CHW","39","15082"
"Franmil Reyes","CLE","115","14566"
"Jose Abreu","CHW","152","15676"
"Bo Bichette","TOR","159","19612"
"Spencer Howard","- - -","19","23252"
"Ty France","SEA","152","17982"
"Alfonso Rivas","CHC","18","21560"
"Josh Donaldson","MIN","135","5038"
"Delino DeShields","CIN","25","11379"
"Evan Longoria","SFG","81","9368"
"Gavin Sheets","CHW","54","19901"
"Josh Bell","WSN","144","13145"
"Jerad Eickhoff","NYM","6","12664"
"Tony Kemp","OAK","131","14894"
"Jonathan Lucroy","- - -","7","7870"
"Alex De Goti","HOU","2","19477"
"Manny Machado","SDP","153","11493"
"Randy Arozarena","TBR","141","19290"
"Willy Adames","- - -","140","15986"
"Jorge Polanco","MIN","152","13152"
"Joey Gallo","- - -","153","14128"
"Wander Franco","TBR","70","23667"
"Yoan Moncada","CHW","144","17232"
"Jason Castro","HOU","66","8722"
"Michael Brantley","HOU","121","4106"
"Patrick Wisdom","CHC","106","13602"
"Nelson Cruz","- - -","140","2434"
"Tyler Stephenson","CIN","132","17988"
"Thairo Estrada","SFG","52","16426"
"Jose Alvarez","SFG","67","5358"
"Wily Peralta","DET","19","7738"
"Jameson Taillon","NYY","29","11674"
"Hoby Milner","MIL","19","13346"
"Aaron Civale","CLE","21","19479"
"Clarke Schmidt","NYY","2","19899"
"Reid Detmers","LAA","5","27468"
"Avisail Garcia","MIL","135","5760"
"Tyler Naquin","CIN","127","13359"
"Tim Anderson","CHW","123","15172"
"Jeimer Candelario","DET","149","13621"
"Jake Burger","CHW","15","22275"
"Javier Baez","- - -","138","12979"
"Hunter Renfroe","BOS","144","15464"
"Santiago Espinal","TOR","92","19997"
"LaMonte Wade Jr.","SFG","109","18126"
"Brendan Rodgers","COL","102","17907"
"Trevor Story","COL","142","12564"
"Jake Cronenworth","SDP","152","18036"
"Ramon Urias","BAL","85","18795"
"Adam Frazier","- - -","155","15223"
"Luis Urias","MIL","150","16622"
"Mitch Haniger","SEA","157","14274"
"Matt Beaty","LAD","120","17710"
"Jesus Sanchez","MIA","64","19913"
"Bryan De La Cruz","MIA","58","19600"
"Anthony Rizzo","- - -","141","3473"
"Jake Rogers","DET","38","19452"
"Chris Taylor","LAD","148","13757"
"T.J. Friedl","CIN","14","19522"
"Enrique Hernandez","BOS","134","10472"
"Jean Segura","PHI","131","5933"
"Robbie Grossman","DET","156","5254"
"Jordan Luplow","- - -","62","16424"
"Wilmer Flores","SFG","139","5827"
"Willson Contreras","CHC","128","11609"
"Nathaniel Lowe","TEX","157","19566"
"Kolten Wong","MIL","116","12532"
"Robinson Chirinos","CHC","45","3142"
"Nolan Arenado","STL","157","9777"
"Ozzie Albies","ATL","156","16556"
"Dylan Carlson","STL","149","20126"
"J.T. Realmuto","PHI","134","11739"
"Alex Bregman","HOU","91","17678"
"Dustin Garneau","DET","20","9433"
"Nick Madrigal","CHW","54","20521"
"Ryan Mountcastle","BAL","144","18373"
"Andrew McCutchen","PHI","144","9847"
"Eduardo Escobar","- - -","146","6153"
"Ji-Man Choi","TBR","83","5452"
"Ryan McMahon","COL","151","15112"
"Alex Verdugo","BOS","146","17027"
"Bobby Dalbec","BOS","133","19966"
"Jesus Aguilar","MIA","131","11342"
"Brandon Drury","NYM","51","11615"
"Taylor Ward","LAA","65","17548"
"Mark Canha","OAK","141","11445"
"Lourdes Gurriel Jr.","TOR","141","19238"
"Kyle Isbel","KCR","28","21614"
"Tres Barrera","WSN","30","19977"
"Charlie Blackmon","COL","150","7859"
"Tyrone Taylor","MIL","93","13675"
"Riley Adams","- - -","47","19864"
"Christian Arroyo","BOS","57","16434"
"Luke Voit","NYY","68","14811"
"Andy Young","ARI","58","19521"
"Miguel Sano","MIN","135","12164"
"Brad Miller","PHI","140","12775"
"Geraldo Perdomo","ARI","11","22799"
"Harrison Bader","STL","103","18030"
"Jacob deGrom","NYM","15","10954"
"Wil Myers","SDP","146","10047"
"Alejandro Kirk","TOR","60","22581"
"Elias Diaz","COL","106","11680"
"Nico Hoerner","CHC","44","21479"
"Max Schrock","CIN","53","17750"
"Danny Jansen","TOR","70","16535"
"Akil Baddoo","DET","124","22168"
"Nicky Lopez","KCR","151","19339"
"Carson Kelly","ARI","98","13620"
"Jake Meyers","HOU","49","20308"
"Austin Hays","BAL","131","19363"
"Ryan LaMarre","NYY","9","10700"
"Ian Happ","CHC","148","17919"
"Andrew Benintendi","KCR","134","17901"
"Lane Thomas","- - -","77","16939"
"Ramon Laureano","OAK","88","17128"
"Steven Duggar","SFG","107","17719"
"Austin Meadows","TBR","142","15672"
"Josh Rojas","ARI","139","19734"
"Matt Duffy","CHC","97","13836"
"Max Stassi","LAA","87","10059"
"Chas McCormick","HOU","108","19599"
"Trey Mancini","BAL","147","15149"
"Mike Yastrzemski","SFG","139","14854"
"Kevin Plawecki","BOS","64","13807"
"Andy Ibanez","TEX","76","18819"
"Yandy Diaz","TBR","134","16578"
"Christian Yelich","MIL","117","11477"
"Keibert Ruiz","- - -","29","19610"
"Alcides Escobar","WSN","75","6310"
"Daniel Vogelbach","MIL","93","14130"
"Josh Harrison","- - -","138","8202"
"Donovan Solano","SFG","101","8623"
"Adam Duvall","- - -","146","10950"
"Jonathan Schoop","DET","156","11265"
"Jorge Soler","- - -","149","14221"
"Jake Fraley","SEA","78","19260"
"Dansby Swanson","ATL","160","18314"
"Stephen Strasburg","WSN","5","10131"
"Nick Ciuffo","BAL","2","16291"
"Omar Narvaez","MIL","123","13338"
"Daulton Varsho","ARI","95","19918"
"Ben Gamel","- - -","122","12160"
"Edmundo Sosa","STL","113","17022"
"Michael Conforto","NYM","125","16376"
"Luis Arraez","MIN","121","18568"
"Austin Slater","SFG","129","16153"
"Abraham Almonte","ATL","64","5486"
"Yadiel Hernandez","WSN","112","19334"
"Trent Grisham","SDP","132","18564"
"Austin Dean","STL","22","18288"
"Kyle Lewis","SEA","36","19508"
"Francisco Mejia","TBR","84","16403"
"Jonathan Villar","NYM","142","10071"
"Eric Hosmer","SDP","151","3516"
"Ryan Zimmerman","WSN","110","4220"
"Lorenzo Cain","MIL","78","9077"
"Jace Peterson","MIL","94","12325"
"Tommy Pham","SDP","155","2967"
"Pavin Smith","ARI","145","19892"
"Sam Hilliard","COL","81","17954"
"Colin Moran","PIT","99","16909"
"Yermin Mercedes","CHW","68","17423"
"Corey Dickerson","- - -","109","10762"
"Eloy Jimenez","CHW","55","17484"
"Joey Wendle","TBR","136","13853"
"Francisco Lindor","NYM","125","12916"
"Ehire Adrianza","ATL","109","8418"
"Jose Rondon","STL","63","14140"
"Eric Haase","DET","98","14111"
"Lars Nootbaar","STL","58","21454"
"Eddie Rosario","- - -","111","12155"
"Kyle Farmer","CIN","147","14813"
"Austin Nola","SDP","56","15941"
"Amed Rosario","CLE","141","15518"
"Joc Pederson","- - -","137","11899"
"Jake McCarthy","ARI","24","21622"
"Manny Pina","MIL","75","2829"
"DJ LeMahieu","NYY","150","9874"
"Seth Brown","OAK","111","18171"
"Bobby Bradley","CLE","74","17278"
"Gary Sanchez","NYY","117","11442"
"Brian Anderson","MIA","67","18289"
"Kyle Garlick","MIN","36","18063"
"Adolis Garcia","TEX","149","19287"
"David Peralta","ARI","150","2136"
"J.P. Crawford","SEA","160","15491"
"Jon Jay","LAA","5","5227"
"Alex Dickerson","SFG","111","12649"
"Brett Phillips","TBR","119","14735"
"Jazz Chisholm Jr.","MIA","124","20454"
"Travis Jankowski","PHI","76","13768"
"Odubel Herrera","PHI","124","11476"
"Leury Garcia","CHW","126","5913"
"Jacob Stallings","PIT","112","13723"
"Wilmer Difo","PIT","116","14320"
"Matt Chapman","OAK","151","16505"
"Miguel Rojas","MIA","132","7802"
"Jed Lowrie","OAK","139","4418"
"Luis Torrens","SEA","108","15905"
"Alex Avila","WSN","34","7476"
"Myles Straw","- - -","158","17620"
"Aledmys Diaz","HOU","84","15937"
"Luis Guillorme","NYM","69","16451"
"Kevin Kiermaier","TBR","122","11038"
"Anthony Rendon","LAA","58","12861"
"Anthony Alford","PIT","49","14329"
"D.J. Stewart","BAL","100","17766"
"Nick Maton","PHI","52","21635"
"Sean Murphy","OAK","119","19352"
"Gio Urshela","NYY","116","10681"
"Max Kepler","MIN","121","12144"
"Starlin Castro","WSN","87","4579"
"Yan Gomes","- - -","103","9627"
"Kyle Seager","SEA","159","9785"
"Deven Marrero","MIA","10","13325"
"Michael Hermosillo","CHC","16","16285"
"Tommy La Stella","SFG","76","12371"
"Chad Pinder","OAK","75","15191"
"Gleyber Torres","NYY","127","16997"
"Anthony Santander","BAL","110","14551"
"Alex Kirilloff","MIN","59","20325"
"Andrew Vaughn","CHW","127","26197"
"Whit Merrifield","KCR","162","11281"
"Adalberto Mondesi","KCR","35","13769"
"Eugenio Suarez","CIN","145","12552"
"Brian Goodwin","CHW","72","12858"
"Derek Fisher","MIL","4","16192"
"Rowdy Tellez","- - -","106","15679"
"Derek Hill","DET","49","16947"
"Freddy Galvis","- - -","104","6609"
"Brett Gardner","NYY","140","9927"
"Justin Upton","LAA","89","5222"
"Miguel Cabrera","DET","130","1744"
"Raimel Tapia","COL","133","14350"
"Tyler Wade","NYY","103","15730"
"Jose Iglesias","- - -","137","10231"
"Christian Walker","ARI","115","13419"
"Yonathan Daza","COL","107","15794"
"William Contreras","ATL","52","20503"
"Gavin Lux","LAD","102","19955"
"Pablo Reyes","MIL","53","16357"
"Abraham Toro","- - -","95","19844"
"Aristides Aquino","CIN","84","15482"
"Jo Adell","LAA","35","20220"
"Albert Pujols","- - -","109","1177"
"Harold Ramirez","CLE","99","14387"
"Josh Naylor","CLE","69","18839"
"Cesar Hernandez","- - -","149","10556"
"Yoshi Tsutsugo","- - -","81","27459"
"Ke'Bryan Hayes","PIT","96","18577"
"Willie Calhoun","TEX","75","17838"
"Manuel Margot","TBR","125","14712"
"Tommy Edman","STL","159","19470"
"Edward Olivares","KCR","39","19698"
"Brent Rooker","MIN","58","19627"
"Jeff McNeil","NYM","120","15362"
"Zack Collins","CHW","78","19181"
"Trevor Larnach","MIN","79","21501"
"Tucker Barnhart","CIN","116","10200"
"Yohel Pozo","TEX","21","18848"
"Randal Grichuk","TOR","149","10243"
"Mitch Moreland","OAK","81","3086"
"Bradley Zimmer","CLE","99","16221"
"Pedro Severino","BAL","113","14523"
"Nick Solak","TEX","127","19294"
"Victor Reyes","DET","76","15487"
"Cavan Biggio","TOR","79","19252"
"Jake Lamb","- - -","55","13329"
"Phil Gosselin","LAA","104","10953"
"Asdrubal Cabrera","- - -","110","4962"
"Kevin Pillar","NYM","124","12434"
"Hanser Alberto","KCR","103","11902"
"Brandon Marsh","LAA","70","20202"
"Rob Refsnyder","MIN","51","13770"
"Jordy Mercer","WSN","46","6547"
"Dom Nunez","COL","81","15055"
"Yu Chang","CLE","89","14773"
"Carlos Santana","KCR","158","2396"
"Oscar Mercado","CLE","72","16375"
"Breyvic Valera","TOR","39","12758"
"Paul DeJong","STL","113","18015"
"Jurickson Profar","SDP","137","10815"
"Grayson Greiner","DET","31","17062"
"Ross Detwiler","- - -","53","2859"
"Kohl Stewart","CHC","4","15502"
"Taylor Clarke","ARI","43","17611"
"JT Riddle","MIN","4","17642"
"James Kaprielian","OAK","24","18331"
"Kenta Maeda","MIN","23","18498"
"Phil Bickford","- - -","57","18519"
"Dane Dunning","TEX","27","19409"
"Cory Abbott","CHC","8","20277"
"Joey Bart","SFG","2","21524"
"Hunter Dozier","KCR","144","15117"
"Isiah Kiner-Falefa","TEX","158","16512"
"Kole Calhoun","ARI","51","11200"
"Guillermo Heredia","ATL","120","18721"
"Charlie Culberson","TEX","91","3298"
"Jose Rojas","LAA","61","19331"
"Luis Garcia","WSN","70","20391"
"Travis d'Arnaud","ATL","60","7739"
"Jorge Mateo","- - -","89","17273"
"Harold Castro","DET","106","14691"
"Tom Murphy","SEA","97","13499"
"Dominic Smith","NYM","145","15653"
"Pablo Sandoval","ATL","69","5409"
"Yadier Molina","STL","121","7007"
"Rougned Odor","NYY","102","12282"
"Ryan Jeffers","MIN","85","24618"
"Clint Frazier","NYY","66","15983"
"Christian Vazquez","BOS","138","9774"
"Curt Casali","SFG","77","12510"
"Emmanuel Rivera","KCR","29","19890"
"Max Fried","ATL","32","13743"
"Travis Shaw","- - -","84","11982"
"Reese McGuire","TOR","78","15674"
"Rene Rivera","- - -","25","3648"
"Garrett Hampson","COL","147","19262"
"Lewin Diaz","MIA","40","18365"
"Miguel Andujar","NYY","45","15878"
"German Marquez","COL","32","15038"
"Renato Nunez","DET","14","14503"
"Jake Marisnick","- - -","99","11339"
"Nick Martini","CHC","25","12005"
"Josh VanMeter","ARI","112","15170"
"Nick Senzel","CIN","36","19293"
"Niko Goodrum","DET","90","12092"
"Payton Henry","MIA","5","22164"
"Michael A. Taylor","KCR","142","11489"
"Webster Rivas","SDP","24","14636"
"Alec Bohm","PHI","115","21618"
"Austin Barnes","LAD","77","12158"
"Jack Mayfield","- - -","87","15402"
"Marcell Ozuna","ATL","48","10324"
"Mike Moustakas","CIN","62","4892"
"Luke Williams","PHI","58","19931"
"Taylor Jones","HOU","35","19533"
"Nick Gordon","MIN","73","16337"
"Josh Reddick","ARI","54","3892"
"Zach McKinstry","LAD","60","19392"
"Jon Berti","MIA","85","12037"
"Cole Tucker","PIT","43","17326"
"Gerardo Parra","WSN","53","8553"
"Kurt Suzuki","LAA","72","8259"
"Jonathan Arauz","BOS","28","20275"
"Rodolfo Castro","PIT","31","21987"
"James McCann","NYM","121","12859"
"Daz Cameron","DET","35","18353"
"Jose Peraza","NYM","64","13593"
"Aaron Hicks","NYY","32","5297"
"Hoy Park","- - -","45","18027"
"Taylor Walls","TBR","54","22458"
"Sergio Alcantara","CHC","89","16417"
"Stephen Piscotty","OAK","72","13367"
"Phillip Evans","PIT","76","12950"
"Mauricio Dubon","SFG","74","16530"
"Eric Campbell","SEA","4","6938"
"Michael Chavis","- - -","43","17321"
"Andres Gimenez","CLE","68","19950"
"Eddy Alvarez","MIA","24","16959"
"Billy McKinney","- - -","116","15654"
"Rafael Marchan","PHI","20","21646"
"Cam Gallagher","KCR","48","12981"
"John Andreoli","SDP","7","13012"
"Andrew Stevenson","WSN","109","17932"
"Jack Flaherty","STL","17","17479"
"Jose Devers","MIA","21","20540"
"Carter Kieboom","WSN","62","19958"
"Gregory Polanco","PIT","107","12907"
"Wilson Ramos","- - -","44","1433"
"Johneshwy Fargas","- - -","22","16446"
"Roman Quinn","PHI","28","13546"
"Didi Gregorius","PHI","103","6012"
"Lewis Brinson","MIA","89","14352"
"Ernie Clement","CLE","40","20352"
"Jason Heyward","CHC","104","4940"
"Daniel Johnson","CLE","30","19643"
"Ryan O'Hearn","KCR","84","16442"
"Juan Lagares","LAA","112","5384"
"Isaac Paredes","DET","23","20036"
"Khris Davis","- - -","42","9112"
"Ronald Torreyes","PHI","112","11400"
"Huascar Ynoa","ATL","18","20468"
"Victor Robles","WSN","107","18363"
"Jorge Alfaro","MIA","92","12180"
"Ryan Lavarnway","CLE","9","8879"
"Victor Caratini","SDP","116","14968"
"David Fletcher","LAA","157","17992"
"John Nogowski","- - -","52","16852"
"Willians Astudillo","MIN","73","15608"
"DJ Peters","- - -","70","19348"
"Erick Castillo","CHC","4","12990"
"Ryan McBroom","KCR","7","16524"
"Kyle Higashioka","NYY","67","5517"
"Dylan Moore","SEA","126","18042"
"Jose Barrero","CIN","21","23378"
"Adrian Sanchez","WSN","16","11338"
"Adam Eaton","- - -","84","11205"
"Willi Castro","DET","125","17338"
"Alex Blandino","CIN","43","16271"
"Kelvin Gutierrez","- - -","85","17468"
"Jarred Kelenic","SEA","93","22558"
"Mason Williams","NYM","17","11859"
"Ha-seong Kim","SDP","117","27506"
"Stephen Vogt","- - -","78","5000"
"Elvis Andrus","OAK","146","8709"
"Taylor Trammell","SEA","51","19960"
"Nick Ahmed","ARI","129","12147"
"Matt Carpenter","STL","130","8090"
"Shed Long Jr.","SEA","34","16542"
"Mike Brosseau","TBR","57","19683"
"Danny Mendick","CHW","71","18889"
"David Bote","CHC","97","14593"
"Romy Gonzalez","CHW","10","21562"
"Donovan Walton","SEA","24","19314"
"Seby Zavala","CHW","37","18887"
"Ranger Suarez","PHI","39","17277"
"Brian O'Grady","SDP","32","16729"
"Yonny Hernandez","TEX","43","19432"
"Daniel Robertson","MIL","50","14145"
"Nomar Mazara","DET","50","14553"
"Jacob Nottingham","- - -","15","16448"
"Maikel Franco","BAL","104","12179"
"Billy Hamilton","CHW","71","10199"
"Ronnie Dawson","HOU","3","19710"
"Ender Inciarte","ATL","52","4922"
"Jose Trevino","TEX","89","16725"
"Danny Santana","BOS","38","10322"
"Jason Vosler","SFG","41","16686"
"Joshua Fuentes","COL","95","16885"
"Jason Martin","TEX","58","16429"
"Mike Tauchman","- - -","75","15274"
"Eric Sogard","CHC","78","7927"
"Marwin Gonzalez","- - -","91","5497"
"Taylor Motter","- - -","16","12399"
"Brock Holt","TEX","77","9345"
"Ryan McKenna","BAL","90","19928"
"Chadwick Tromp","SFG","9","16953"
"Martin Maldonado","HOU","125","6887"
"Jake Bauers","- - -","115","15194"
"Jose Marmolejos","SEA","41","15767"
"Jonah Heim","TEX","82","16930"
"Tomas Nido","NYM","58","13755"
"Mike Ford","NYY","22","15585"
"Eli White","TEX","64","19346"
"Isan Diaz","MIA","89","17922"
"Travis Blankenhorn","- - -","24","18395"
"Andrew Velazquez","NYY","28","14196"
"Andrelton Simmons","MIN","131","10847"
"Roberto Perez","CLE","44","2900"
"Will Craig","PIT","18","19267"
"Keston Hiura","MIL","61","20003"
"Kevin Newman","PIT","148","17696"
"Joe Ross","WSN","22","12972"
"Garrett Richards","BOS","40","9784"
"John Means","BAL","26","16269"
"Matt Peacock","ARI","35","20339"
"Jarren Duran","BOS","33","24617"
"David Dahl","TEX","63","13744"
"Richie Martin","BAL","37","17736"
"Alan Trejo","COL","28","20056"
"Orlando Arcia","- - -","36","13185"
"Joe Panik","- - -","95","11936"
"Erik Gonzalez","PIT","71","13369"
"Henry Ramos","ARI","18","11481"
"Aramis Garcia","OAK","32","16925"
"Luis Rengifo","LAA","54","19858"
"Shogo Akiyama","CIN","88","27461"
"Tylor Megill","NYM","18","21318"
"Jarrod Dyson","- - -","102","4866"
"David Price","LAD","39","3184"
"Dexter Fowler","LAA","7","4062"
"Steven Souza Jr.","LAD","17","5667"
"Owen Miller","CLE","60","24655"
"Jon Duplantier","ARI","4","19546"
"Jake Cave","MIN","76","14477"
"Eric Lauer","MIL","26","19316"
"Brian Miller","MIA","5","20047"
"Sam Haggerty","SEA","35","18054"
"Magneuris Sierra","MIA","123","17023"
"Bryan Holaday","ARI","13","11287"
"Ka'ai Tom","- - -","48","18136"
"Pat Valaika","BAL","91","14885"
"Andrew Knizner","STL","63","19514"
"Tim Locastro","- - -","64","15124"
"Cody Bellinger","LAD","95","15998"
"Austin Romine","CHC","28","5491"
"Austin Wynns","BAL","45","15271"
"Josh Palacios","TOR","13","19818"
"Luke Raley","LAD","33","19354"
"Tucupita Marcano","SDP","25","22871"
"Rio Ruiz","- - -","62","14103"
"Cal Raleigh","SEA","47","21534"
"Nathan Eovaldi","BOS","32","9132"
"Corey Ray","MIL","1","19170"
"Casey Mize","DET","30","20492"
"Aaron Ashby","MIL","14","23550"
"Drew Ellis","ARI","28","19873"
"Zack Short","DET","61","19562"
"Alejo Lopez","CIN","14","21127"
"Justin Williams","STL","51","15490"
"Patrick Mazeika","NYM","37","18142"
"Austin Hedges","CLE","88","12976"
"Ben Rortvedt","MIN","39","20287"
"Jack Lopez","BOS","7","13663"
"Alex Jackson","- - -","52","17276"
"Scott Heineman","CIN","19","14453"
"Sandy Leon","MIA","84","5273"
"Michael Perez","PIT","70","12977"
"Luis Marte","MIA","4","14515"
"Jackie Bradley Jr.","MIL","134","12984"
"Chad Wallach","MIA","23","17161"
"Andrew Romine","CHC","26","1159"
"Franchy Cordero","BOS","48","14567"
"Sebastian Rivero","KCR","17","21735"
"Dylan Bundy","LAA","24","12917"
"Jose De Leon","CIN","9","15463"
"Lucas Giolito","CHW","31","15474"
"Zack Littell","SFG","63","15823"
"Braden Bishop","SEA","8","17806"
"Jose Urquidy","HOU","20","18413"
"Patrick Sandoval","LAA","17","19447"
"Luis Barrera","OAK","6","19615"
"Corbin Martin","ARI","5","19884"
"Drew Rasmussen","- - -","35","25385"
"Matt Joyce","PHI","43","3353"
"Wyatt Mathisen","ARI","23","14555"
"Jay Bruce","NYY","10","9892"
"Madison Bumgarner","ARI","28","5524"
"Chris Gittens","NYY","16","18482"
"Colton Welker","COL","19","19961"
"Sheldon Neuse","LAD","33","19635"
"Anthony Bemboom","LAA","8","13854"
"Monte Harrison","MIA","9","17216"
"Tony Wolters","CHC","14","11470"
"Jonathan Davis","- - -","64","15104"
"Wade Miley","CIN","30","8779"
"Leody Taveras","TEX","49","18900"
"Clayton Kershaw","LAD","24","2036"
"Jacob Wilson","- - -","12","13254"
"Stuart Fairchild","ARI","12","20321"
"Steven Brault","PIT","7","15291"
"Mike Freeman","CIN","37","11241"
"Jon Lester","- - -","30","4930"
"Chance Sisco","- - -","28","15694"
"Garrett Stubbs","HOU","18","18067"
"Tony Gonsolin","LAD","17","19388"
"Wilfredo Tovar","NYM","6","10416"
"Mark Payton","CIN","24","16042"
"JaCoby Jones","DET","36","14818"
"Zac Gallen","ARI","23","19291"
"Dustin Fowler","PIT","18","17098"
"Gilberto Celestino","MIN","23","20233"
"Julio Urias","LAD","32","14765"
"Matt Adams","COL","22","9393"
"Evan White","SEA","30","20078"
"Aaron Nola","PHI","33","16149"
"Jared Oliva","PIT","20","19968"
"Andrew Knapp","PHI","62","14942"
"Matt Thaiss","LAA","3","19318"
"Kevan Smith","- - -","33","12284"
"Trevor Williams","- - -","23","16977"
"Kyle Freeland","COL","25","16256"
"Robel Garcia","HOU","47","13167"
"Jose Godoy","SEA","16","15808"
"Ildemaro Vargas","- - -","34","13324"
"Logan Webb","SFG","28","17995"
"Ryan Weathers","SDP","32","23796"
"Stevie Wilkerson","BAL","31","16041"
"Kean Wong","LAA","32","15994"
"Jahmai Jones","BAL","26","18872"
"Adam Haseley","PHI","9","19878"
"Johan Oviedo","STL","14","22487"
"Jake Arrieta","- - -","25","4153"
"Kevin Smith","TOR","18","20242"
"Edwin Rios","LAD","25","18316"
"Jake Hager","- - -","14","12198"
"Nick Heath","ARI","20","19577"
"Kevin Gausman","SFG","34","14107"
"Tony Santillan","CIN","27","19926"
"Humberto Mejia","ARI","5","20739"
"Edward Cabrera","MIA","7","21690"
"Rob Brantly","NYY","6","10655"
"Troy Stokes Jr.","PIT","8","17478"
"Lance Lynn","CHW","28","2520"
"Craig Stammen","SDP","67","7274"
"Cole Irvin","OAK","32","19244"
"Edwin Uceta","LAD","14","20539"
"Kevin Padlo","- - -","10","16593"
"Seth Frankoff","ARI","4","11346"
"Tejay Antone","CIN","23","16233"
"Alex Vesia","LAD","41","25007"
"Domingo Leyba","- - -","34","16404"
"Chi Chi Gonzalez","COL","24","14663"
"Luis Castillo","CIN","33","15689"
"Corbin Burnes","MIL","28","19361"
"Nick Williams","CHW","4","14330"
"Todd Frazier","PIT","13","785"
"Scott Schebler","LAA","14","12225"
"Kyle Gibson","- - -","31","10123"
"Braxton Garrett","MIA","8","21844"
"Vimael Machin","OAK","15","17684"
"Ronald Guzman","TEX","7","14388"
"Cristian Pache","ATL","22","19948"
"Zach Davies","CHC","33","13183"
"Zack Wheeler","PHI","33","10310"
"Adam Wainwright","STL","34","2233"
"Caleb Smith","ARI","45","14875"
"Mickey Moniak","PHI","21","19956"
"Patrick Corbin","WSN","31","9323"
"Paolo Espino","WSN","35","8246"
"Ashton Goudeau","- - -","16","15139"
"Keegan Thompson","CHC","32","19795"
"Jesus Luzardo","- - -","25","19959"
"Hunter Owen","PIT","3","20034"
"Albert Almora Jr.","NYM","47","14109"
"Marcus Stroman","NYM","33","13431"
"Joe Musgrove","SDP","40","12970"
"Tim Lopes","MIL","7","14137"
"Adrian Houser","MIL","28","12718"
"Luis Campusano","SDP","11","22217"
"Sonny Gray","CIN","26","12768"
"Zach Thompson","MIA","27","16094"
"Walker Buehler","LAD","34","19374"
"Jaylin Davis","SFG","5","19552"
"Kwang-hyun Kim","STL","27","27458"
"Greg Deichmann","CHC","14","19872"
"Justin Steele","CHC","20","17312"
"Trent Giambrone","CHC","5","19250"
"Mitch Keller","PIT","24","17594"
"Brandon Woodruff","MIL","30","16162"
"Tyler Anderson","- - -","31","12880"
"Cameron Maybin","NYM","9","5223"
"Curtis Terry","TEX","13","18881"
"Pete Kozma","OAK","3","2539"
"Jorge Bonifacio","PHI","7","12174"
"Kyle Muller","ATL","9","20167"
"Kyle Hendricks","CHC","32","12049"
"JT Brubaker","PIT","25","17578"
"Vince Velasquez","- - -","26","11189"
"Luke Weaver","ARI","13","16918"
"Johnny Cueto","SFG","22","6893"
"Taijuan Walker","NYM","31","11836"
"Charlie Morton","ATL","34","4676"
"Jeff Hoffman","CIN","32","17432"
"David Peterson","NYM","16","20302"
"Robert Gsellman","NYM","18","13696"
"Dillon Peters","PIT","6","18790"
"Vladimir Gutierrez","CIN","22","19278"
"Skye Bolt","- - -","34","17723"
"Merrill Kelly","ARI","27","11156"
"Rich Hill","- - -","32","4806"
"Yu Darvish","SDP","30","13074"
"Hernan Perez","WSN","10","5751"
"Jose Lobaton","CHC","6","4243"
"Chase De Jong","PIT","10","15036"
"Blake Snell","SDP","27","13543"
"Austin Gomber","COL","24","16561"
"Dinelson Lamet","SDP","22","17186"
"Ryan Vilade","COL","3","22165"
"Ryan Dorow","TEX","3","23559"
"Trevor Cahill","PIT","9","6249"
"Dillon Thomas","SEA","4","12719"
"Jake Woodford","STL","26","18674"
"Freddy Peralta","MIL","29","18679"
"Wil Crowe","PIT","29","19800"
"Jon Gray","COL","31","14916"
"Taylor Widener","ARI","23","19266"
"Anderson Tejeda","TEX","5","19909"
"Tyler Mahle","CIN","33","16358"
"Drew Butera","LAA","12","3411"
"P.J. Higgins","CHC","9","18433"
"Anthony DeSclafani","SFG","34","13050"
"Carlos Martinez","STL","16","11682"
"Cody Poteet","MIA","8","18769"
"Jordan Holloway","MIA","13","20631"
"Sammy Long","SFG","12","25379"
"Adbert Alzolay","CHC","30","17859"
"Brett Anderson","MIL","24","8223"
"Touki Toussaint","ATL","11","16929"
"Alex Wood","SFG","26","13781"
"Yairo Munoz","BOS","5","16313"
"Sandy Alcantara","MIA","33","18684"
"Miles Mikolas","STL","9","9803"
"Johan Camargo","ATL","15","14950"
"Trevor Rogers","MIA","26","22286"
"Pablo Lopez","MIA","21","17085"
"Ian Anderson","ATL","24","19951"
"Bryse Wilson","- - -","16","19990"
"Chad Kuhl","PIT","28","14975"
"Khalil Lee","NYM","11","19952"
"Josiah Gray","- - -","14","24580"
"Vidal Brujan","TBR","10","20536"
"Drew Smyly","ATL","32","11760"
"Joey Lucchesi","NYM","11","19320"
"Elieser Hernandez","MIA","11","16933"
"Chris Paddack","SDP","24","20099"
"Nick Neidert","MIA","8","18699"
"Max Moroff","STL","6","14556"
"Josh Rogers","WSN","6","18510"
"Trevor Bauer","LAD","17","12703"
"Scott Kingery","PHI","15","17975"
"J.A. Happ","- - -","30","7410"
"Zach Eflin","PHI","18","13774"
"Antonio Senzatela","COL","28","15488"
"Mitch White","LAD","21","19225"
"Alec Mills","CHC","33","13834"
"Erick Fedde","WSN","29","17425"
"Neftali Feliz","- - -","5","18"
"Matt Bush","TEX","4","1246"
"Adam Ottavino","BOS","69","1247"
"Oliver Perez","CLE","5","1514"
"Sean Doolittle","- - -","56","1581"
"Matt Moore","PHI","24","1890"
"Zack Greinke","HOU","30","1943"
"Corey Kluber","NYY","16","2429"
"Jhoulys Chacin","COL","46","2608"
"Luis Avilan","WSN","4","2882"
"Kenley Jansen","LAD","69","3096"
"Tony Watson","- - -","62","3132"
"Max Scherzer","- - -","30","3137"
"Will Harris","WSN","8","3192"
"Ervin Santana","KCR","38","3200"
"Tyler Ladendorf","CHC","1","3211"
"T.J. McFarland","STL","38","3237"
"Zack Britton","NYY","22","3240"
"Joe Smith","- - -","50","3281"
"Darren O'Day","NYY","12","3321"
"Jeff Mathis","ATL","3","3448"
"Danny Duffy","KCR","13","3542"
"Liam Hendriks","CHW","69","3548"
"Yusmeiro Petit","OAK","78","4020"
"Hector Santiago","SEA","13","4026"
"Pedro Strop","CHC","2","4070"
"Derek Holland","DET","39","4141"
"Rafael Dolis","TOR","39","4185"
"Mark Melancon","SDP","64","4264"
"Justin Wilson","- - -","42","4301"
"Tyler Chatwood","- - -","32","4338"
"Jordan Zimmermann","MIL","2","4505"
"Nate Jones","- - -","20","4696"
"Matt Shoemaker","MIN","16","4776"
"Scott Kazmir","SFG","5","4897"
"Fernando Abad","BAL","16","4994"
"Jake Diekman","OAK","67","5003"
"Anthony Gose","CLE","6","5097"
"Jeurys Familia","NYM","65","5114"
"Wade LeBlanc","- - -","18","5221"
"Blake Parker","CLE","47","5224"
"Michael Pineda","MIN","22","5372"
"Brad Peacock","BOS","2","5401"
"Pedro Baez","HOU","4","5420"
"Jesse Chavez","ATL","30","5448"
"Ryan Brasier","BOS","13","5615"
"Tyler Clippard","ARI","26","5640"
"Junior Guerra","LAA","41","5702"
"Dellin Betances","NYM","1","6216"
"David Phelps","TOR","12","6316"
"Chris Archer","TBR","6","6345"
"Jake Odorizzi","HOU","24","6397"
"Trevor May","NYM","68","6398"
"Jose Cisnero","DET","67","6399"
"Steve Cishek","LAA","74","6483"
"Blaine Hardy","MIL","1","6499"
"Alex Cobb","LAA","18","6562"
"Robert Stock","- - -","3","6576"
"Brad Brach","CIN","35","6627"
"Carlos Carrasco","NYM","12","6632"
"Craig Kimbrel","- - -","63","6655"
"Alex Colome","MIN","67","6661"
"Andrew Miller","STL","40","6785"
"Julio Teheran","DET","1","6797"
"Chase Anderson","PHI","14","6895"
"Martin Perez","BOS","36","6902"
"Joakim Soria","- - -","41","6941"
"Brandon Dickson","STL","2","6979"
"Luis Garcia","STL","34","6984"
"Ian Kennedy","- - -","55","6986"
"Ryan Pressly","HOU","64","7005"
"Daniel Hudson","- - -","54","7146"
"Greg Holland","KCR","57","7196"
"Preston Guilmet","MIA","2","7303"
"Sean Kazmar jr.","ATL","3","7349"
"Javy Guerra","WSN","6","7407"
"Jay Jackson","SFG","23","7432"
"Wade Davis","KCR","40","7441"
"Anthony Swarzak","- - -","13","7466"
"Collin McHugh","TBR","37","7531"
"Jake McGee","SFG","62","7550"
"Nick Vincent","MIN","7","7555"
"Jordan Lyles","TEX","32","7593"
"Tommy Milone","TOR","6","7608"
"Mike Fiers","OAK","2","7754"
"Richard Bleier","MIA","68","7803"
"Hunter Strickland","- - -","57","7836"
"Andrew Albers","MIN","5","7853"
"Josh Lindblom","MIL","8","7882"
"Anthony Bass","MIA","70","7982"
"Will Smith","ATL","71","8048"
"Bryan Shaw","CLE","81","8110"
"David Robertson","TBR","12","8241"
"Lucas Luetge","NYY","57","8337"
"AJ Ramos","LAA","4","8350"
"Deolis Guerra","OAK","53","8410"
"Justin Miller","- - -","23","8580"
"Tanner Roark","TOR","3","8753"
"Cesar Valdez","BAL","39","9013"
"John Axford","MIL","1","9059"
"Brad Hand","- - -","68","9111"
"Kyle Lobstein","WSN","3","9178"
"Zac Rosscup","COL","4","9419"
"Dallas Keuchel","CHW","32","9434"
"Ryan Buchter","ARI","18","9456"
"David Hale","PHI","17","9756"
"Joe Kelly","LAD","48","9761"
"Rex Brothers","CHC","57","9794"
"Sergio Romo","OAK","66","9817"
"Chaz Roe","TBR","1","9866"
"Brandon Kintzler","PHI","29","9939"
"Mike Minor","KCR","28","10021"
"Tyler Matzek","ATL","69","10058"
"Brooks Raley","HOU","58","10061"
"Ian Krol","DET","18","10066"
"Caleb Thielbar","MIN","59","10078"
"Brad Boxberger","MIL","71","10133"
"Manny Barreda","BAL","3","10148"
"Ryan Weber","- - -","4","10160"
"Shelby Miller","- - -","13","10197"
"Aaron Northcraft","SDP","5","10218"
"Aroldis Chapman","NYY","61","10233"
"Ryan Tepera","- - -","65","10291"
"Erasmo Ramirez","DET","17","10314"
"Juan Minaya","MIN","29","10341"
"Aaron Loup","NYM","65","10343"
"Mychal Givens","- - -","54","10430"
"Jake Petricka","LAA","7","10534"
"Jimmy Nelson","LAD","28","10547"
"Scott Alexander","LAD","18","10591"
"Chris Sale","BOS","9","10603"
"Andrew Bellatti","MIA","3","10657"
"Drew Hutchison","DET","9","10732"
"Shane Greene","- - -","28","10756"
"Mike Foltynewicz","TEX","28","10811"
"R.J. Alaniz","CIN","3","10819"
"Asher Wojciechowski","NYY","1","10836"
"Adam Kolarek","OAK","12","10843"
"Chasen Shreve","PIT","57","10855"
"Jared Hoying","TOR","2","10882"
"Ben Rowen","LAA","8","10983"
"Mickey Jannis","BAL","1","11071"
"Grant Dayton","ATL","13","11203"
"Casey Sadler","SEA","42","11209"
"Sean Nolin","WSN","10","11341"
"Drew Pomeranz","SDP","27","11426"
"Brandon Workman","- - -","29","11428"
"Jesse Biddle","ATL","8","11437"
"A.J. Cole","TOR","6","11467"
"Bryan Mitchell","MIA","2","11479"
"Robbie Ray","TOR","32","11486"
"Joely Rodriguez","- - -","52","11487"
"Aaron Sanchez","SFG","9","11490"
"Josh Osich","CIN","17","11528"
"Jose Urena","DET","26","11589"
"Mike Kickham","LAD","1","11618"
"Heath Hembree","- - -","60","11632"
"Matt Harvey","BAL","28","11713"
"Luke Jackson","ATL","71","11752"
"Kyle Ryan","CHC","13","11753"
"Noah Syndergaard","NYM","2","11762"
"Hansel Robles","- - -","72","11801"
"Hector Neris","PHI","74","11804"
"Alberto Baldonado","WSN","14","11812"
"James Paxton","SEA","1","11828"
"Chris Martin","ATL","46","11847"
"Jason Adam","CHC","12","11861"
"Michael Feliz","- - -","21","11903"
"Matt Andriese","- - -","34","12022"
"Yimi Garcia","- - -","62","12095"
"Domingo Tapia","- - -","34","12178"
"Dan Winkler","CHC","47","12237"
"Ryan Sherriff","TBR","16","12249"
"Evan Marshall","CHW","27","12297"
"Chris Bassitt","OAK","27","12304"
"Colin Rea","MIL","1","12317"
"Jacob Barnes","- - -","29","12323"
"Kevin Quackenbush","LAD","1","12360"
"Spencer Patton","TEX","42","12361"
"Nick Tropeano","- - -","5","12385"
"Seth Lugo","NYM","46","12447"
"Blake Treinen","LAD","72","12572"
"Nick Ramirez","SDP","13","12575"
"DJ Johnson","- - -","4","12578"
"Adam Morgan","CHC","34","12580"
"Mike Wright Jr.","CHW","13","12586"
"Ryne Harper","WSN","34","12680"
"Rafael Montero","- - -","44","12760"
"Chris Devenski","ARI","8","12763"
"John Brebbia","SFG","18","12777"
"Burch Smith","OAK","31","12784"
"Noe Ramirez","- - -","38","12800"
"Matt Wisler","- - -","48","12804"
"Andrew Kittredge","TBR","57","12828"
"Shawn Armstrong","- - -","31","12857"
"Matt Barnes","BOS","60","12863"
"Alex Claudio","LAA","41","12890"
"Archie Bradley","PHI","53","12918"
"Andrew Chafin","- - -","71","12988"
"Colten Brewer","BOS","1","12997"
"Reymin Guduan","OAK","11","13058"
"Gerrit Cole","NYY","30","13125"
"Derek Law","MIN","9","13133"
"Eduardo Rodriguez","BOS","32","13164"
"Kyle Crick","PIT","27","13182"
"Jordan Weems","- - -","7","13190"
"Joe Biagini","CHC","1","13194"
"Michael Fulmer","DET","52","13218"
"Louis Head","TBR","27","13259"
"Ross Stripling","TOR","24","13273"
"Jesse Hahn","KCR","5","13287"
"Danny Coulombe","MIN","29","13293"
"Adrian Sampson","CHC","11","13339"
"Luis Cessa","- - -","53","13345"
"Cam Bedrosian","- - -","26","13360"
"Steven Matz","TOR","29","13361"
"Dylan Floro","MIA","68","13394"
"Sam Selman","- - -","25","13397"
"Felix Pena","LAA","2","13403"
"Pierce Johnson","SDP","63","13435"
"Taylor Rogers","MIN","40","13449"
"Lucas Sims","CIN","47","13470"
"Daniel Norris","- - -","56","13475"
"Brandon Brennan","BOS","1","13527"
"Richard Rodriguez","- - -","64","13549"
"Steven Okert","MIA","34","13580"
"Robert Stephenson","COL","49","13594"
"Humberto Arteaga","WSN","1","13595"
"Shawn Morimando","MIA","4","13606"
"Carl Edwards Jr.","- - -","7","13607"
"Jakob Junis","KCR","16","13619"
"Clay Holmes","- - -","69","13649"
"Jharel Cotton","TEX","23","13654"
"Corey Oswalt","NYM","3","13677"
"John Gant","- - -","39","13684"
"Sal Romano","- - -","19","13690"
"Joey Krehbiel","- - -","6","13707"
"Kyle Barraclough","MIN","10","13713"
"Tyler Duffey","MIN","64","13758"
"Chris Stratton","PIT","68","13761"
"Dominic Leone","SFG","57","13763"
"JT Chargois","- - -","56","13767"
"Matt Strahm","SDP","6","13799"
"Austin Adams","SDP","65","13801"
"Paul Sewald","SEA","62","13892"
"Chris Flexen","SEA","31","13896"
"Dietrich Enns","TBR","9","13932"
"Brent Suter","MIL","61","13942"
"Michael Wacha","TBR","30","14078"
"Lance McCullers Jr.","HOU","30","14120"
"Chris Mazza","TBR","14","14151"
"Jose Berrios","- - -","32","14168"
"Kyle Zimmer","KCR","52","14169"
"Josh Hader","MIL","60","14212"
"Wandy Peralta","- - -","56","14295"
"Frankie Montas","OAK","32","14309"
"Joel Payamps","- - -","37","14332"
"Tyler Glasnow","TBR","14","14374"
"Amir Garrett","CIN","63","14375"
"Hyun-Jin Ryu","TOR","31","14444"
"Adam Conley","TBR","17","14457"
"J.B. Wendelken","- - -","46","14506"
"Jorge Lopez","BAL","33","14527"
"Carlos Estevez","COL","64","14542"
"Jose Ruiz","CHW","59","14552"
"James Hoyt","LAA","9","14605"
"Rowan Wick","CHC","22","14646"
"Konner Wade","BAL","7","14655"
"Jandel Gustave","MIL","14","14665"
"Dillon Maples","CHC","28","14672"
"Duane Underwood Jr.","PIT","43","14677"
"Tzu-Wei Lin","MIN","1","14678"
"Andres Machado","WSN","40","14681"
"Keone Kela","SDP","12","14696"
"Anthony Banda","- - -","30","14706"
"Brady Lail","SEA","2","14707"
"Edwin Diaz","NYM","63","14710"
"Paul Blackburn","OAK","9","14739"
"Emilio Pagan","SDP","67","14771"
"Buck Farmer","DET","36","14814"
"Michael Lorenzen","CIN","27","14843"
"Joe Mantiply","ARI","57","14857"
"Zack Godley","MIL","2","14862"
"Sam Moll","OAK","8","14874"
"Taylor Williams","- - -","11","14899"
"Reyes Moronta","SFG","4","14966"
"Tyler Webb","STL","22","14974"
"Giovanny Gallegos","STL","73","14986"
"Scott Barlow","KCR","71","14993"
"Yacksel Rios","- - -","23","15007"
"Kyle Finnegan","WSN","68","15009"
"Corey Knebel","LAD","27","15010"
"Alex Reyes","STL","70","15015"
"Tim Mayza","TOR","61","15042"
"Lou Trivino","OAK","71","15043"
"Yency Almonte","COL","48","15068"
"Kyle McGowin","WSN","27","15071"
"Hunter Wood","TEX","5","15091"
"Luke Farrell","MIN","20","15101"
"Jimmie Sherfy","- - -","14","15118"
"Drew Anderson","TEX","9","15130"
"Jake Newberry","KCR","4","15136"
"Justin Topa","MIL","4","15145"
"Aaron Slegers","LAA","29","15231"
"Cody Reed","TBR","12","15232"
"Cole Sulser","BAL","60","15256"
"Keynan Middleton","SEA","32","15264"
"Adam Cimber","- - -","72","15288"
"Austin Pruitt","- - -","6","15290"
"Mike Mayers","LAA","72","15451"
"Nick Pivetta","BOS","31","15454"
"Marco Gonzales","SEA","25","15467"
"Stephen Gonsalves","BOS","3","15492"
"Hunter Harvey","BAL","9","15507"
"Kendall Graveman","- - -","53","15514"
"Joseph Odom","TBR","2","15535"
"Eric Yardley","MIL","17","15538"
"Tyler Rogers","SFG","80","15541"
"Chad Green","NYY","67","15552"
"Nick Wittgren","CLE","60","15594"
"Phillips Valdez","BOS","28","15605"
"Yefry Ramirez","LAD","1","15655"
"Miguel Castro","NYM","69","15684"
"Brad Keller","KCR","26","15734"
"Joe Jimenez","DET","52","15761"
"Devin Williams","MIL","58","15816"
"Paul Fry","BAL","52","15832"
"Adam Plutko","BAL","38","15846"
"Kent Emanuel","HOU","10","15849"
"Wander Suero","WSN","45","15855"
"Stephen Tarpley","NYM","1","15859"
"Luis Severino","NYY","4","15890"
"Lewis Thorpe","MIN","5","15906"
"Ryne Stanek","HOU","72","15947"
"Keury Mella","ARI","2","15964"
"Akeem Bostick","NYM","1","15979"
"Stefan Crichton","ARI","31","16058"
"Taylor Gushue","CHC","2","16098"
"Daniel Ponce de Leon","STL","24","16110"
"Jordan Romano","TOR","62","16122"
"Chris Ellis","- - -","8","16125"
"John Curtiss","- - -","44","16128"
"David Hess","- - -","15","16130"
"Carlos Rodon","CHW","24","16137"
"Jace Fry","CHW","6","16159"
"Spencer Turnbull","DET","9","16207"
"Jake Reed","- - -","10","16209"
"Aaron Bummer","CHW","62","16258"
"Sam Howard","PIT","54","16265"
"Sam Clay","WSN","58","16279"
"Jesus Tinoco","COL","1","16300"
"Alex McRae","CHW","2","16317"
"Ryan Borucki","TOR","24","16350"
"Ryan Castellani","COL","1","16377"
"Brad Wieck","CHC","15","16390"
"Reynaldo Lopez","CHW","20","16400"
"Victor Gonzalez","LAD","44","16408"
"Blake Taylor","HOU","51","16418"
"Scott Blewett","KCR","3","16427"
"James Norwood","SDP","5","16440"
"Conner Greene","- - -","24","16455"
"Brent Honeywell","TBR","3","16466"
"Roel Ramirez","STL","1","16470"
"Ryan Yarbrough","TBR","30","16502"
"Dan Altavilla","SDP","2","16507"
"Jordan Montgomery","NYY","30","16511"
"Dusten Knight","BAL","7","16537"
"Erik Swanson","SEA","33","16587"
"Bryan Abreu","HOU","31","16609"
"J.P. Feyereisen","- - -","55","16610"
"Ryan Thompson","TBR","36","16647"
"Julian Merryweather","TOR","13","16703"
"Vinny Nittoli","SEA","1","16754"
"Josh James","HOU","5","16794"
"Tim Hill","SDP","78","16814"
"Sean Newcomb","ATL","32","16943"
"Jake Jewell","CHC","10","16958"
"Tyler Beede","SFG","1","16981"
"Trevor Hildenberger","NYM","2","17002"
"Jefry Rodriguez","WSN","14","17018"
"Domingo Acevedo","OAK","10","17092"
"Raisel Iglesias","LAA","65","17130"
"Domingo German","NYY","22","17149"
"Gabe Speier","KCR","7","17170"
"Yoan Lopez","ARI","13","17181"
"Austin Brice","BOS","13","17237"
"Sam Coonrod","PHI","42","17264"
"Michael Kopech","CHW","44","17282"
"Javy Guerra","SDP","5","17292"
"Framber Valdez","HOU","22","17295"
"Edgar Santana","ATL","41","17355"
"Josh Taylor","BOS","61","17359"
"Brett Martin","TEX","66","17369"
"David Paulino","PHI","1","17418"
"Albert Abreu","NYY","28","17485"
"Spenser Watkins","BAL","16","17489"
"Genesis Cabrera","STL","71","17490"
"Diego Castillo","- - -","61","17496"
"Jorge Guzman","MIA","2","17505"
"Ryan Burr","CHW","34","17536"
"Jimmy Herget","- - -","18","17556"
"Marcos Diplan","BAL","23","17583"
"Tanner Scott","BAL","62","17586"
"Cristian Javier","HOU","36","17606"
"Tanner Rainey","WSN","38","17610"
"Justin Lawrence","COL","19","17639"
"Jeffrey Springs","TBR","43","17677"
"Ralph Garza","- - -","27","17682"
"Trevor Megill","CHC","28","17722"
"Nabil Crismatt","SDP","45","17732"
"Evan Phillips","- - -","8","17734"
"Tyler Alexander","DET","41","17735"
"Brody Koerner","NYY","2","17748"
"Drew Smith","NYM","31","17755"
"Angel Perdomo","MIL","19","17759"
"Jose Alvarado","PHI","64","17780"
"Patrick Weigel","MIL","3","17792"
"Dillon Tate","BAL","62","17796"
"Daniel Zamora","SEA","4","17811"
"Ian Gibaut","MIN","3","17871"
"Nestor Cortes","NYY","23","17874"
"Dennis Santana","- - -","55","17878"
"Tayler Saucedo","TOR","29","17888"
"Cody Ponce","PIT","15","17920"
"Trent Thornton","TOR","37","17948"
"Tyler Gilbert","ARI","9","17964"
"Peter Lambert","COL","2","17969"
"Pete Fairbanks","TBR","47","17998"
"Tanner Anderson","PIT","1","18029"
"Phil Maton","- - -","65","18064"
"Cody Stashak","MIN","15","18088"
"Ryan Meisinger","CHC","7","18105"
"Ryan Helsley","STL","51","18138"
"Jay Flaa","- - -","2","18140"
"Anthony Misiewicz","SEA","66","18152"
"Art Warren","CIN","26","18251"
"Jarlin Garcia","SFG","58","18282"
"Tyler Kinley","COL","70","18297"
"Carson Fulmer","CIN","20","18311"
"Josh Sborz","TEX","63","18323"
"Taylor Hearn","TEX","42","18325"
"Eric Hanhold","BAL","10","18332"
"Alex Young","- - -","40","18333"
"Josh Staumont","KCR","64","18335"
"Nick Anderson","TBR","6","18337"
"Julian Fernandez","COL","6","18341"
"Brandon Waddell","- - -","9","18347"
"Jaime Barria","LAA","13","18356"
"Thomas Eshelman","BAL","9","18361"
"Scott Effross","CHC","14","18384"
"Enyel De Los Santos","- - -","33","18403"
"Trey Amburgey","NYY","2","18425"
"Shea Spitzbarth","PIT","5","18475"
"Junior Fernandez","STL","18","18496"
"Sam Hentges","CLE","30","18548"
"Logan Allen","CLE","14","18555"
"Travis Bergen","TOR","10","18581"
"Travis Lakins Sr.","BAL","24","18600"
"A.J. Minter","ATL","61","18655"
"Kolby Allard","TEX","32","18694"
"Miguel Del Pozo","DET","5","18792"
"Drew Steckenrider","SEA","62","18806"
"Miguel Diaz","SDP","25","18815"
"Pedro Avila","SDP","1","18864"
"Beau Burrows","- - -","6","18873"
"Kyle Keller","PIT","32","18890"
"Zack Burdi","- - -","7","19159"
"Tommy Nance","CHC","27","19178"
"Kirby Snead","TOR","7","19179"
"Robert Dugger","SEA","12","19191"
"Brandyn Sittinger","ARI","5","19192"
"Conner Menez","SFG","8","19199"
"Jose Quijada","LAA","26","19200"
"Caleb Baragar","SFG","25","19231"
"Wes Benjamin","TEX","13","19243"
"Miguel Aguilar","ARI","9","19246"
"Seranthony Dominguez","PHI","1","19249"
"Thomas Hatch","TOR","3","19264"
"T.J. Zeuch","TOR","5","19269"
"Jacob Webb","ATL","34","19274"
"Edgar Garcia","- - -","11","19276"
"Richard Lovelady","KCR","20","19337"
"A.J. Puk","OAK","12","19343"
"Daulton Jefferies","OAK","5","19345"
"Dean Kremer","BAL","13","19350"
"Keegan Akin","BAL","24","19362"
"Shane Bieber","CLE","16","19427"
"Yohan Ramirez","SEA","25","19444"
"Shaun Anderson","- - -","16","19453"
"Michael Rucker","CHC","20","19454"
"Kyle Funkhouser","DET","57","19456"
"Bryan Garcia","DET","39","19457"
"Jorge Alcala","MIN","59","19459"
"Ryan Hartman","HOU","1","19480"
"Andrew Vasquez","LAD","2","19482"
"Devin Smeltzer","MIN","1","19487"
"Raynel Espinal","BOS","1","19516"
"Jacob Robson","DET","4","19528"
"Jason Foley","DET","11","19531"
"Ryan Hendrix","CIN","36","19535"
"Jimmy Lambert","CHW","4","19541"
"Stephen Nogosek","NYM","1","19545"
"J.D. Hammer","PHI","20","19548"
"Geoff Hartlieb","- - -","7","19558"
"Bernardo Flores Jr.","STL","1","19561"
"David Bednar","PIT","61","19569"
"JoJo Romero","PHI","11","19574"
"Sean Poppen","- - -","24","19583"
"Otto Lopez","TOR","1","19608"
"Cionel Perez","CIN","25","19614"
"Jordan Hicks","STL","10","19618"
"Jack Kruger","LAA","1","19634"
"Matt Foster","CHW","37","19647"
"Zach Reks","LAD","6","19667"
"Gregory Soto","DET","62","19677"
"Jordan Sheffield","COL","30","19682"
"Kyle Cody","TEX","7","19686"
"Connor Seabold","BOS","1","19695"
"Patrick Murphy","- - -","25","19712"
"Dustin May","LAD","5","19716"
"Kodi Whitley","STL","25","19731"
"Anthony Bender","MIA","61","19742"
"Jonathan Loaisiga","NYY","57","19753"
"Reiver Sanmartin","CIN","2","19754"
"Seth Elledge","STL","11","19766"
"Will Vest","SEA","32","19769"
"Justin Garza","CLE","21","19784"
"Anthony Castro","TOR","25","19789"
"Bryan Baker","TOR","1","19804"
"Daniel Castano","MIA","5","19805"
"Riley Smith","ARI","24","19826"
"Alexander Wells","BAL","11","19845"
"Darwinzon Hernandez","BOS","48","19848"
"Michael King","NYY","22","19853"
"Charlie Barnes","MIN","9","19865"
"Brandon Bielak","HOU","28","19866"
"Griffin Canning","LAA","16","19867"
"Drew Carlton","DET","4","19868"
"Tucker Davidson","ATL","4","19871"
"Kevin Ginkel","ARI","32","19876"
"Tanner Houck","BOS","18","19879"
"Gabe Klobosits","WSN","11","19881"
"Alex Lange","DET","36","19883"
"Adonis Medina","PHI","4","19903"
"Jose Suarez","LAA","23","19911"
"Trevor Stephan","CLE","43","19932"
"Jhon Romero","WSN","5","19940"
"Ljay Newsome","SEA","7","19942"
"Zach Plesac","CLE","25","19979"
"Dylan Lee","ATL","2","19996"
"Tyler Wells","BAL","44","20000"
"Wyatt Mills","SEA","11","20010"
"John Schreiber","BOS","1","20020"
"Darren McCaughan","SEA","2","20038"
"Adrian Morejon","SDP","2","20039"
"Ronald Bolanos","KCR","3","20041"
"Sean Guenther","MIA","14","20045"
"Kaleb Ort","BOS","1","20061"
"Bailey Falter","PHI","22","20070"
"Miguel Sanchez","MIL","28","20074"
"Mauricio Llovera","PHI","6","20080"
"James Karinchak","CLE","60","20151"
"Nick Nelson","NYY","11","20153"
"Nate Pearson","TOR","12","20160"
"Ty Tice","- - -","5","20177"
"Zach Pop","MIA","50","20185"
"Ben Bowden","COL","39","20198"
"Eli Morgan","CLE","18","20203"
"Jeremy Beasley","TOR","8","20205"
"Mike Baumann","BAL","4","20206"
"Yennsy Diaz","NYM","20","20218"
"Tyler Ivey","HOU","1","20237"
"Zac Lowther","BAL","10","20243"
"Griffin Jax","MIN","18","20253"
"Deivi Garcia","NYY","2","20276"
"Jhonathan Diaz","LAA","3","20298"
"Alec Bettinger","MIL","4","20312"
"Andre Scrubb","HOU","18","20329"
"Kyle Dohy","PHI","1","20334"
"Riley O'Brien","CIN","1","20348"
"Brusdar Graterol","LAD","34","20367"
"Ramon Rosso","PHI","7","20368"
"Matt Manning","DET","18","20369"
"Bruce Zimmermann","BAL","14","20370"
"Andres Munoz","SEA","1","20373"
"Tyler Zuber","KCR","31","20379"
"Antonio Santos","COL","7","20383"
"Isaac Mattson","BAL","4","20385"
"Anthony Kay","TOR","11","20387"
"Nick Margevicius","SEA","5","20395"
"Luis Madero","MIA","6","20399"
"Josh Fleming","TBR","26","20418"
"Jovani Moran","MIN","5","20422"
"Rony Garcia","DET","2","20430"
"Enoli Paredes","HOU","12","20447"
"Peter Solomon","HOU","6","20476"
"J.B. Bukauskas","ARI","21","20491"
"Scott Hurst","STL","7","20501"
"Kyle Nelson","CLE","10","20515"
"Nick Sandlin","CLE","34","20517"
"Kutter Crawford","BOS","1","20531"
"JC Mejia","CLE","17","20617"
"Yusei Kikuchi","SEA","29","20633"
"Cristopher Sanchez","PHI","7","20778"
"Manuel Rodriguez","CHC","20","20794"
"Eduard Bazardo","BOS","2","20997"
"Francisco Perez","CLE","4","21018"
"Oliver Ortega","LAA","8","21025"
"Emmanuel Clase","CLE","71","21032"
"Seth Martinez","HOU","3","21045"
"Luis Gil","NYY","6","21052"
"Thomas Szapucki","NYM","1","21065"
"Demarcus Evans","TEX","25","21087"
"Dauri Moreta","CIN","4","21101"
"Miguel Yajure","PIT","4","21111"
"Tyler Payne","CHC","1","21139"
"Brooks Kriske","- - -","12","21189"
"Darien Nunez","LAD","6","21197"
"Connor Brogdon","PHI","56","21205"
"Lucas Gilbreath","COL","47","21290"
"Andre Jackson","LAD","3","21298"
"Jake Latz","TEX","1","21306"
"Glenn Otto","TEX","6","21366"
"Joe Ryan","MIN","5","21390"
"Ryan Feltner","COL","2","21446"
"Kris Bubic","KCR","29","21455"
"Shane McClanahan","TBR","25","21483"
"Daniel Lynch","KCR","15","21537"
"Reiss Knehr","SDP","12","21541"
"Jackson Kowar","KCR","9","21549"
"Jake Cousins","MIL","30","21620"
"Elvis Peguero","LAA","3","21652"
"Kervin Castro","SFG","10","21656"
"Luis Oviedo","PIT","22","21728"
"Jose Marte","LAA","4","21761"
"Mason Thompson","- - -","31","21850"
"Gregory Santos","SFG","3","21894"
"Camilo Doval","SFG","29","21992"
"Luis Frias","ARI","3","21997"
"Angel Rondon","STL","2","22036"
"John King","TEX","27","22051"
"Aaron Fletcher","SEA","4","22052"
"Kyle Tyler","LAA","5","22092"
"Max Kranick","PIT","9","22175"
"Hans Crouse","PHI","2","22192"
"Mac Sceroler","BAL","5","22218"
"Jon Heasley","KCR","3","22224"
"Paul Campbell","MIA","16","22248"
"Logan Gilbert","SEA","24","22250"
"Shane Baz","TBR","3","22264"
"Tarik Skubal","DET","31","22267"
"Dylan Coleman","KCR","5","22276"
"Joe Barlow","TEX","31","22296"
"Chris Rodriguez","LAA","15","22310"
"A.J. Alexy","TEX","5","22343"
"Stephen Ridings","NYY","5","22358"
"Nivaldo Rodriguez","HOU","4","22449"
"Carlos Hernandez","KCR","24","22713"
"Angel Zerpa","KCR","1","22717"
"Roansy Contreras","PIT","1","22810"
"Luis Patino","TBR","19","22815"
"Joan Adon","WSN","1","22925"
"Packy Naughton","LAA","7","23292"
"Codi Heuer","- - -","65","23293"
"Janson Junk","LAA","4","23301"
"Damon Jones","PHI","1","23310"
"Nicklaus Snyder","TEX","4","23493"
"Brett de Geus","- - -","47","23592"
"Luis Garcia","HOU","30","23735"
"Randy Dobnak","MIN","14","23798"
"Nick Allgeyer","TOR","1","24486"
"Jonathan Stiever","CHW","1","24584"
"Cody Wilson","WSN","1","24671"
"Andrew Wantz","LAA","21","24933"
"Austin Warren","LAA","16","24937"
"Cooper Criswell","LAA","1","24975"
"Nick Mears","PIT","30","25376"
"Brady Singer","KCR","27","25377"
"Alek Manoah","TOR","20","26410"
"Garrett Crochet","CHW","54","27463"
"Spencer Strider","ATL","2","27498"
"Kohei Arihara","TEX","10","27505"
"Hyeon-jong Yang","TEX","12","27513"
"Hirokazu Sawamura","BOS","55","27515"
